{"fillStyle":"#000","verts":[[-239,-42],[-211.5,-14],[-248.5,14],[-273.5,-11.5]],"ins":[[-16.0162658691406,0],[0,-16.0162658691406],[16.0162658691406,0],[0,16.0162658691406]],"outs":[[16.0162658691406,0],[0,16.0162658691406],[-16.0162658691406,0],[0,-16.0162658691406]]}
