{"verts":[[-108.240753173828,-10.3888549804688],[-95.8178100585938,2.25996398925781],[-112.532318115234,14.9087677001953],[-123.825897216797,3.38932800292969]],"ins":[[-7.23524475097656,0],[0,-7.23524475097656],[7.23524475097656,0],[0,7.2352294921875]],"outs":[[7.23524475097656,0],[0,7.2352294921875],[-7.2352294921875,0],[0,-7.23524475097656]]}