{"verts":[[107.830932617188,-10.3888549804688],[95.6083679199219,2.25996398925781],[112.053253173828,14.9087677001953],[123.164703369141,3.38932800292969]],"ins":[[7.11854553222656,0],[0,-7.23524475097656],[-7.11856079101562,0],[0,7.2352294921875]],"outs":[[-7.11854553222656,0],[0,7.2352294921875],[7.11856079101562,0],[0,-7.23524475097656]]}