{"fillStyle":"#000","verts":[[239.306457519531,-42],[212.25,-14],[248.653228759766,14],[273.25,-11.5]],"ins":[[15.7579498291016,0],[0,-16.0162658691406],[-15.7579345703125,0],[0,16.0162506103516]],"outs":[[-15.7579498291016,0],[0,16.0162658691406],[15.7579345703125,0],[0,-16.0162658691406]]}
