{"verts":[[0.48922729492188,-168.296859741211],[-157.870941162109,-146.577819824219],[-339,-3.00015258789062],[-127.911544799805,104.365585327148],[2,97.9999847412109],[191.477905273438,96.8430023193359],[338,-2],[191.835815429688,-135.583877563477]],"ins":[[61.0107727050781,0],[64.3709259033203,-17.4221801757812],[0,-67.6872711181641],[-96.1539001464844,-5.20269775390625],[0,0],[-90.5111999511719,15.21875],[0,48.9290466308594],[77.0521240234375,28.3908233642578]],"outs":[[-63.9945678710938,0],[-89.9761352539062,24.352294921875],[0,75.1440124511719],[70.1935882568359,3.798095703125],[0,0],[76.262451171875,-12.8229064941406],[0,-49.2546997070312],[-70.3358154296875,-25.9161224365234]]}