{"verts":[[-0.05311584472656,-67.4426116943359],[-71.5912475585938,-57.6311798095703],[-153.415069580078,7.22906494140625],[-58.0572967529297,55.7308197021484],[0.62936401367188,52.8551940917969],[86.2247314453125,52.3325347900391],[152.415069580078,7.68087768554688],[86.3863983154297,-52.6647338867188]],"ins":[[27.5612030029297,0],[29.0791168212891,-7.87034606933594],[0,-30.5772705078125],[-43.4368743896484,-2.35032653808594],[0,0],[-40.8878479003906,6.87495422363281],[0,22.1033782958984],[34.8077545166016,12.8253631591797]],"outs":[[-28.9091186523438,0],[-40.6461181640625,11.0009918212891],[0,33.94580078125],[31.7094573974609,1.71575927734375],[0,0],[34.4510192871094,-5.79264831542969],[0,-22.2504730224609],[-31.7737274169922,-11.7074432373047]]}