{"fillStyle":"#fff","verts":[[-159.375,19.125],[-164.25,35.25],[-137,36.5],[-128,52],[-114.625,40.625],[-102,40.5],[-98,58.5],[-84.875,41.75],[-74.6249847412109,41.875],[-64.8749694824219,58.25],[-51.8749542236328,42.125],[-40.7500305175781,41.75],[-28.7500152587891,55.375],[-15.2499694824219,43.5],[14.7499084472656,43.5],[28.2500610351562,55.375],[40.25,42.125],[51.3750305175781,42.25],[64.6250762939453,57.5],[72.8749542236328,45.375],[74.2499694824219,41.5],[83.9999542236328,41.75],[98,57.75],[102.625,40.375],[115.625,40.875],[126.75,51.375],[131,48],[138,36.5],[160.375,36],[165.25,32.625],[161.5,19.75],[156.375,19],[61.8749389648438,20.625],[0.50004577636719,18],[-84.0000305175781,21]],"ins":[[5.25,0],[-2.907470703125,-0.24920654296875],[0,0],[-4,-3.5],[-4.5,1],[0,0],[-3.5,-7],[0,0],[-1.87501525878906,-2.375],[-4.00003051757812,-2.375],[-1.25003051757812,0.25],[-0.625,-0.125],[0,0],[0,0],[0,0],[0,0],[0,0],[0,0],[0,0],[-0.37496948242188,1.125],[-0.99998474121094,0.5],[0,0],[0,0],[1.375,9.375],[0,0],[-1.375,-4.25],[-0.625,0.75],[0,0],[-2.625,0.375],[0,1.625],[1.125,0.875],[1.375,0],[17.7500457763672,0],[0,0],[35.0000152587891,0]],"outs":[[-2.82014465332031,0],[4.375,0.375],[0,0],[7,-8],[4.5,-1],[0,0],[5.99995422363281,-8.625],[0,0],[1.87495422363281,2.375],[6.74995422363281,-8.375],[1.24992370605469,-0.25],[0.625,0.125],[0,0],[0,0],[0,0],[0,0],[0,0],[0,0],[0,0],[0.37503051757812,-1.125],[1.0001220703125,-0.5],[0,0],[0,0],[5.75,-1.25],[0,0],[3.25,-0.375],[0.625,-0.75],[0,0],[2.625,-0.375],[0,-1.625],[-1.125,-0.875],[-1.375,0],[-17.7499084472656,0],[0,0],[-34.9999694824219,0]]}
