{"verts":[[-72.2707061767578,17.2239532470703],[-74.4729461669922,24.5083160400391],[-62.1629486083984,25.072998046875],[-58.0972595214844,32.0750122070312],[-52.0551910400391,26.9364318847656],[-46.3519439697266,26.8799743652344],[-44.5449676513672,35.0113525390625],[-38.6158294677734,27.4446563720703],[-33.9854736328125,27.5011138916016],[-29.5809631347656,34.8984069824219],[-23.7082824707031,27.6140594482422],[-18.6826782226562,27.4446563720703],[-13.2617492675781,33.5996551513672],[-7.16319274902344,28.2351989746094],[6.3890380859375,28.2351989746094],[12.4876403808594,33.5996551513672],[17.9085388183594,27.6140594482422],[22.9341888427734,27.6705169677734],[28.9197998046875,34.5596008300781],[32.6466217041016,29.0822143554688],[33.2677917480469,27.3317108154297],[37.6722717285156,27.4446563720703],[43.9967041015625,34.6725463867188],[46.0860137939453,26.8235015869141],[51.9586791992188,27.0493774414062],[56.9843139648438,31.7926788330078],[58.9042358398438,30.2680511474609],[62.0664367675781,25.072998046875],[72.1741790771484,24.8471221923828],[74.3764343261719,23.3224945068359],[72.6824035644531,17.5063018798828],[70.3672180175781,17.1674957275391],[27.6774597167969,17.9015655517578],[-0.04823303222656,16.7157440185547],[-38.2205810546875,18.0709838867188]],"ins":[[2.37165832519531,0],[-1.31343078613281,-0.11257934570312],[0,0],[-1.80697631835938,-1.58110046386719],[-2.03285217285156,0.45175170898438],[0,0],[-1.58110046386719,-3.16220092773438],[0,0],[-0.84700012207031,-1.07289123535156],[-1.80697631835938,-1.07289123535156],[-0.56463623046875,0.11293029785156],[-0.28233337402344,-0.05647277832031],[0,0],[0,0],[0,0],[0,0],[0,0],[0,0],[0,0],[-0.16943359375,0.50820922851562],[-0.45179748535156,0.22587585449219],[0,0],[0,0],[0.62115478515625,4.23509216308594],[0,0],[-0.62113952636719,-1.91990661621094],[-0.28233337402344,0.33880615234375],[0,0],[-1.18583679199219,0.16940307617188],[0,0.73408508300781],[0.50822448730469,0.39527893066406],[0.62115478515625,0],[8.01840209960938,0],[0,0],[15.8110046386719,0]],"outs":[[-1.27397155761719,0],[1.97636413574219,0.16940307617188],[0,0],[3.16220092773438,-3.61393737792969],[2.0328369140625,-0.45173645019531],[0,0],[2.71044921875,-3.89628601074219],[0,0],[0.84701538085938,1.07289123535156],[3.04927062988281,-3.78334045410156],[0.56463623046875,-0.11294555664062],[0.28233337402344,0.05645751953125],[0,0],[0,0],[0,0],[0,0],[0,0],[0,0],[0,0],[0.16943359375,-0.50820922851562],[0.45179748535156,-0.22587585449219],[0,0],[0,0],[2.59751892089844,-0.56468200683594],[0,0],[1.46817016601562,-0.16940307617188],[0.28233337402344,-0.33882141113281],[0,0],[1.18583679199219,-0.16940307617188],[0,-0.73408508300781],[-0.50822448730469,-0.39527893066406],[-0.62115478515625,0],[-8.01838684082031,0],[0,0],[-15.8109893798828,0]]}