{"fillStyle":"#EFE6DA","verts":[[-3.00393676757812,25.845458984375],[-52.5039367675781,56.595458984375],[-22.7539367675781,71.345458984375],[-2.25772094726562,70.9066467285156],[16.4960632324219,72.345458984375],[47.88330078125,58.6732788085938]],"ins":[[28.25,0],[-1,-5.5],[-21.25,0],[-8.82138061523438,-0.26863098144531],[-3.78768920898438,0],[-3.56175231933594,6.28166198730469]],"outs":[[-24.25,0],[1,5.5],[2.83964538574219,0],[7.48776245117188,0.22802734375],[19.0971374511719,0],[1.80032348632812,-3.17512512207031]]}
