{"fillStyle":"#000","verts":[[-21.8512725830078,-32.904541015625],[-16.2494812011719,-27.592041015625],[-23.7864227294922,-22.279541015625],[-28.8789367675781,-27.1177368164062]],"ins":[[-3.26255798339844,0],[0,-3.03878784179688],[3.26251220703125,0],[0,3.03875732421875]],"outs":[[3.26255798339844,0],[0,3.03878784179688],[-3.26251220703125,0],[0,-3.03875732421875]]}
