{"fillStyle":"#000","verts":[[16.9869689941406,-32.904541015625],[11.4960632324219,-27.592041015625],[18.8838043212891,-22.279541015625],[23.8755187988281,-27.1177368164062]],"ins":[[3.19798278808594,0],[0,-3.03878784179688],[-3.19793701171875,0],[0,3.03875732421875]],"outs":[[-3.19798278808594,0],[0,3.03878784179688],[3.19793701171875,0],[0,-3.03875732421875]]}
