{"fillStyle":"#E0C7A3","verts":[[31.7460632324219,-75.154541015625],[22.2460632324219,-62.154541015625],[21.7460632324219,-52.904541015625],[-3.00393676757812,-55.904541015625],[-26.2539367675781,-53.154541015625],[-27.0039367675781,-67.904541015625],[-36.0039367675781,-75.154541015625],[-43.2539367675781,-68.154541015625],[-50.2728576660156,-8.33175659179688],[-52.5039367675781,56.595458984375],[-22.7539367675781,71.345458984375],[-2.25772094726562,70.9066467285156],[16.4960632324219,72.345458984375],[49.9960632324219,51.095458984375],[45.2251586914062,-13.8565063476562],[39.7460632324219,-59.904541015625]],"ins":[[8.25,0],[0,0],[0,0],[12.25,0],[0,0],[0,0],[5.5,0],[0,0],[1.48464965820312,-20.0227355957031],[-1,-5.5],[-21.25,0],[-8.82138061523438,-0.26864624023438],[-3.78768920898438,0],[0.5,4.5],[1.99615478515625,21.6170043945312],[0,0]],"outs":[[-8.25,0],[0,0],[0,0],[-12.25,0],[0,0],[0,0],[-5.5,0],[0,0],[-1.60130310058594,21.5958862304688],[1,5.5],[2.83964538574219,0],[7.48776245117188,0.22802734375],[28.75,0],[-0.5,-4.5],[-1.42134094238281,-15.3921203613281],[0,0]]}
