{"fillStyle":"#E090B9","verts":[[-2.25393676757812,-22.029541015625],[-10.2539367675781,-21.154541015625],[-2.62893676757812,-11.904541015625],[4.49606323242188,-21.404541015625]],"ins":[[4.25,0],[0,0],[0,-1.625],[0,0]],"outs":[[-4.25,0],[0,0],[0,-2],[0,0]]}
